{"cameraMode":{"drawMode":0,"name":"Shaded","section":"Shading Mode"},"sceneLighting":true,"audioPlay":false,"sceneViewState":{"m_AlwaysRefresh":false,"showFog":true,"showSkybox":true,"showFlares":true,"showImageEffects":true,"showParticleSystems":true,"showVisualEffectGraphs":true,"m_FxEnabled":false},"in2DMode":false,"pivot":{"x":404.1567687988281,"y":-21.530426025390626,"z":1030.3834228515625},"rotation":{"x":-0.07074625045061112,"y":-0.011059646494686604,"z":0.0007834706921130419,"w":-0.9974361658096314},"size":907.376220703125,"orthographic":false}